<?xml version='1.0' encoding='utf-8'?>
<clientes><cliente><nombre>Sofía Lema</nombre><edad>44</edad><ciudad>Sucre</ciudad></cliente><cliente><nombre>Monica Borda</nombre><edad>48</edad><ciudad>Oruro</ciudad></cliente><cliente><nombre>Daniela Arias</nombre><edad>18</edad><ciudad>Santa Cruz</ciudad></cliente><cliente><nombre>Tomas Poma</nombre><edad>54</edad><ciudad>Santa Cruz</ciudad></cliente><cliente><nombre>Helena Guzman</nombre><edad>28</edad><ciudad>La Paz</ciudad></cliente><cliente><nombre>Andrés Salvatierra</nombre><edad>22</edad><ciudad>Oruro</ciudad></cliente><cliente><nombre>Oscar Villarroel</nombre><edad>62</edad><ciudad>Cochabamba</ciudad></cliente><cliente><nombre>Fernanda Céspedes</nombre><edad>19</edad><ciudad>Cochabamba</ciudad></cliente><cliente><nombre>Iván Terrazas</nombre><edad>36</edad><ciudad>Santa Cruz</ciudad></cliente><cliente><nombre>Ivan Terrazas</nombre><edad>24</edad><ciudad>Cochabamba</ciudad></cliente><cliente><nombre>Fernanda Cespedes</nombre><edad>50</edad><ciudad>La Paz</ciudad></cliente><cliente><nombre>Mónica Borda</nombre><edad>21</edad><ciudad>Oruro</ciudad></cliente><cliente><nombre>Zulma Pinto</nombre><edad>25</edad><ciudad>Oruro</ciudad></cliente><cliente><nombre>Olga Fernandez</nombre><edad>48</edad><ciudad>La Paz</ciudad></cliente><cliente><nombre>Xavier Limachi</nombre><edad>22</edad><ciudad>Sucre</ciudad></cliente><cliente><nombre>Rafael Méndez</nombre><edad>36</edad><ciudad>Cochabamba</ciudad></cliente><cliente><nombre>Brenda Vargas</nombre><edad>48</edad><ciudad>La Paz</ciudad></cliente><cliente><nombre>Quintin Lopez</nombre><edad>57</edad><ciudad>Cochabamba</ciudad></cliente><cliente><nombre>Sofia Lema</nombre><edad>57</edad><ciudad>Cochabamba</ciudad></cliente><cliente><nombre>Tamara Herrera</nombre><edad>29</edad><ciudad>Sucre</ciudad></cliente><cliente><nombre>Eduardo Molina</nombre><edad>54</edad><ciudad>Oruro</ciudad></cliente><cliente><nombre>Álvaro Suárez</nombre><edad>46</edad><ciudad>La Paz</ciudad></cliente><cliente><nombre>Walter Aguilar</nombre><edad>60</edad><ciudad>Santa Cruz</ciudad></cliente><cliente><nombre>Esteban Callejas</nombre><edad>37</edad><ciudad>Sucre</ciudad></cliente><cliente><nombre>Rafael Mendez</nombre><edad>42</edad><ciudad>Santa Cruz</ciudad></cliente><cliente><nombre>Tomás Poma</nombre><edad>33</edad><ciudad>Santa Cruz</ciudad></cliente><cliente><nombre>Gonzalo Pacheco</nombre><edad>65</edad><ciudad>La Paz</ciudad></cliente><cliente><nombre>Berta Mamani</nombre><edad>65</edad><ciudad>Santa Cruz</ciudad></cliente><cliente><nombre>Helena Guzmán</nombre><edad>28</edad><ciudad>Cochabamba</ciudad></cliente><cliente><nombre>Luis Alberto</nombre><edad>33</edad><ciudad>Oruro</ciudad></cliente><cliente><nombre>Natalia Soria</nombre><edad>22</edad><ciudad>Oruro</ciudad></cliente><cliente><nombre>Hugo Andrade</nombre><edad>30</edad><ciudad>Santa Cruz</ciudad></cliente><cliente><nombre>Laura Gutiérrez</nombre><edad>59</edad><ciudad>Oruro</ciudad></cliente><cliente><nombre>Nicolás Méndez</nombre><edad>48</edad><ciudad>Oruro</ciudad></cliente><cliente><nombre>Quintín López</nombre><edad>22</edad><ciudad>Sucre</ciudad></cliente><cliente><nombre>Valeria Torrico</nombre><edad>24</edad><ciudad>Sucre</ciudad></cliente><cliente><nombre>Andres Salvatierra</nombre><edad>36</edad><ciudad>Santa Cruz</ciudad></cliente><cliente><nombre>Rocío Valenzuela</nombre><edad>23</edad><ciudad>Sucre</ciudad></cliente><cliente><nombre>Paula Quiroga</nombre><edad>34</edad><ciudad>Oruro</ciudad></cliente><cliente><nombre>Diana Rios</nombre><edad>36</edad><ciudad>Sucre</ciudad></cliente><cliente><nombre>Julia Mendoza</nombre><edad>44</edad><ciudad>Sucre</ciudad></cliente><cliente><nombre>Camilo Ortega</nombre><edad>37</edad><ciudad>La Paz</ciudad></cliente><cliente><nombre>Pedro Suarez</nombre><edad>35</edad><ciudad>Sucre</ciudad></cliente><cliente><nombre>Carlos Rojas</nombre><edad>21</edad><ciudad>Cochabamba</ciudad></cliente><cliente><nombre>Florencia Garcia</nombre><edad>18</edad><ciudad>Cochabamba</ciudad></cliente><cliente><nombre>Karla Rivero</nombre><edad>23</edad><ciudad>Cochabamba</ciudad></cliente><cliente><nombre>Inés Salinas</nombre><edad>49</edad><ciudad>Sucre</ciudad></cliente><cliente><nombre>Samuel Navarro</nombre><edad>58</edad><ciudad>Oruro</ciudad></cliente><cliente><nombre>Jorge Gamarra</nombre><edad>42</edad><ciudad>Cochabamba</ciudad></cliente><cliente><nombre>Yamil Flores</nombre><edad>63</edad><ciudad>La Paz</ciudad></cliente><cliente><nombre>Yolanda Siles</nombre><edad>19</edad><ciudad>La Paz</ciudad></cliente><cliente><nombre>Kevin Arce</nombre><edad>41</edad><ciudad>Sucre</ciudad></cliente><cliente><nombre>Martín Chávez</nombre><edad>53</edad><ciudad>La Paz</ciudad></cliente><cliente><nombre>Wendy Barrientos</nombre><edad>40</edad><ciudad>La Paz</ciudad></cliente><cliente><nombre>Diana Ríos</nombre><edad>63</edad><ciudad>Sucre</ciudad></cliente><cliente><nombre>Ulises Blanco</nombre><edad>62</edad><ciudad>Cochabamba</ciudad></cliente></clientes>